DROP DATABASE IF EXISTS `DB_AUTOLOG`;
CREATE DATABASE `DB_AUTOLOG`
  CHARACTER SET utf8mb4
  COLLATE utf8mb4_unicode_ci;

USE `DB_AUTOLOG`;

CREATE TABLE `USER_AUTOLOG` (
  `IDUSER_USA` INT NOT NULL AUTO_INCREMENT COMMENT 'Clave primaria',
  `USERNAME_USA` VARCHAR(50) NOT NULL COMMENT 'Nombre de usuario',
  `EMAIL_USA` VARCHAR(100) NOT NULL COMMENT 'Correo electrónico',
  `PASSWORD_USA` VARCHAR(255) NOT NULL COMMENT 'Contraseña cifrada',
  `S_ACTIVEROW_USA` TINYINT(1) NOT NULL DEFAULT 1 COMMENT 'Registro activo',
  `S_INSERTDATE_USA` DATETIME NOT NULL DEFAULT CURRENT_TIMESTAMP COMMENT 'Fecha de inserción',
  `S_UPDATEDATE_USA` DATETIME NOT NULL DEFAULT CURRENT_TIMESTAMP ON UPDATE CURRENT_TIMESTAMP COMMENT 'Fecha de última actualización',
  PRIMARY KEY (`IDUSER_USA`),
  UNIQUE KEY `UK_USER_USERNAME` (`USERNAME_USA`),
  UNIQUE KEY `UK_USER_EMAIL` (`EMAIL_USA`)
) ENGINE=InnoDB DEFAULT CHARSET=utf8mb4;

CREATE TABLE `ROL_AUTOLOG` (
  `IDROL_ROA` INT NOT NULL AUTO_INCREMENT COMMENT 'Identificador del rol',
  `ROLCODE_ROA` VARCHAR(50) NOT NULL COMMENT 'Código del rol',
  `ROLNAME_ROA` VARCHAR(100) NOT NULL COMMENT 'Nombre del rol',
  `S_ACTIVEROW_ROA` TINYINT(1) NOT NULL DEFAULT 1 COMMENT 'Registro activo',
  `S_INSERTDATE_ROA` DATETIME NOT NULL DEFAULT CURRENT_TIMESTAMP COMMENT 'Fecha de inserción',
  `S_UPDATEDATE_ROA` DATETIME NOT NULL DEFAULT CURRENT_TIMESTAMP ON UPDATE CURRENT_TIMESTAMP COMMENT 'Fecha de última actualización',
  PRIMARY KEY (`IDROL_ROA`),
  UNIQUE KEY `UK_ROL_CODE` (`ROLCODE_ROA`)
) ENGINE=InnoDB DEFAULT CHARSET=utf8mb4;

CREATE TABLE `USERROL_AUTOLOG` (
  `IDUSER_URA` INT NOT NULL COMMENT 'Usuario',
  `IDROL_URA` INT NOT NULL COMMENT 'Rol',
  PRIMARY KEY (`IDUSER_URA`, `IDROL_URA`),
  CONSTRAINT `FK_USERROL_USER`
    FOREIGN KEY (`IDUSER_URA`)
    REFERENCES `USER_AUTOLOG` (`IDUSER_USA`),
  CONSTRAINT `FK_USERROL_ROL`
    FOREIGN KEY (`IDROL_URA`)
    REFERENCES `ROL_AUTOLOG` (`IDROL_ROA`)
) ENGINE=InnoDB DEFAULT CHARSET=utf8mb4;

CREATE TABLE `VEHICLE_AUTOLOG` (
  `IDVEHICLE_VEA` INT NOT NULL AUTO_INCREMENT COMMENT 'Clave primaria',
  `TYPE_VEA` ENUM('COCHE','FURGON','MOTO','CAMION') NOT NULL,
  `BRAND_VEA` VARCHAR(50) NOT NULL COMMENT 'Marca',
  `MODEL_VEA` VARCHAR(50) NOT NULL COMMENT 'Modelo',
  `PLATE_VEA` VARCHAR(9) NOT NULL COMMENT 'Matrícula',
  `REGISTRATIONDATE_VEA` DATE,
  `IDUSER_VEA` INT NOT NULL COMMENT 'Propietario',
  `S_ACTIVEROW_VEA` TINYINT(1) NOT NULL DEFAULT 1 COMMENT 'Registro activo',
  `S_INSERTDATE_VEA` DATETIME NOT NULL DEFAULT CURRENT_TIMESTAMP COMMENT 'Fecha de inserción',
  `S_UPDATEDATE_VEA` DATETIME NOT NULL DEFAULT CURRENT_TIMESTAMP ON UPDATE CURRENT_TIMESTAMP COMMENT 'Fecha de última actualización',
  PRIMARY KEY (`IDVEHICLE_VEA`),
  UNIQUE KEY `UK_VEHICLE_PLATE` (`PLATE_VEA`),
  CONSTRAINT `FK_VEHICLE_USER`
    FOREIGN KEY (`IDUSER_VEA`)
    REFERENCES `USER_AUTOLOG` (`IDUSER_USA`),
  CONSTRAINT `CHK_VEHICLE_PLATE` CHECK (
      PLATE_VEA REGEXP '^[0-9]{4}[BCDFGHJKLMNPRSTVWXYZ]{3}$'  -- Ej: 1234DBC
      OR PLATE_VEA REGEXP '^[A-Z]{1,2}[0-9]{1,5}[A-Z]{1,2}$'  -- Ej: AB123CD
  )
) ENGINE=InnoDB DEFAULT CHARSET=utf8mb4;

CREATE TABLE `OPERATION_AUTOLOG` (
  `IDOPERATION_OPE` INT NOT NULL AUTO_INCREMENT COMMENT 'Clave primaria',
  `TYPE_OPE` ENUM('MANTENIMIENTO','REPARACION','INSPECCION') NOT NULL,
  `DATE_OPE` DATE NOT NULL,
  `COST_OPE` DECIMAL(10,2),
  `PLACE_OPE` VARCHAR(50) NOT NULL COMMENT 'Lugar',
  `DESCRIPTION_OPE` TEXT,
  `IDVEHICLE_OPE` INT NOT NULL,
  `S_ACTIVEROW_OPE` TINYINT(1) NOT NULL DEFAULT 1 COMMENT 'Registro activo',
  `S_INSERTDATE_OPE` DATETIME NOT NULL DEFAULT CURRENT_TIMESTAMP COMMENT 'Fecha de inserción',
  `S_UPDATEDATE_OPE` DATETIME NOT NULL DEFAULT CURRENT_TIMESTAMP ON UPDATE CURRENT_TIMESTAMP COMMENT 'Fecha de última actualización',
  PRIMARY KEY (`IDOPERATION_OPE`),
  CONSTRAINT `FK_OPERATION_VEHICLE`
    FOREIGN KEY (`IDVEHICLE_OPE`)
    REFERENCES `VEHICLE_AUTOLOG` (`IDVEHICLE_VEA`)
) ENGINE=InnoDB DEFAULT CHARSET=utf8mb4;

CREATE TABLE `DOCUMENT_AUTOLOG` (
  `IDDOCUMENT_DOA` INT NOT NULL AUTO_INCREMENT COMMENT 'Clave primaria',
  `FILENAME_DOA` VARCHAR(150) NOT NULL,
  `FILEPATH_DOA` VARCHAR(255) NOT NULL,
  `TYPE_DOA` VARCHAR(50),
  `IDOPERATION_DOA` INT NOT NULL,
  `S_ACTIVEROW_DOA` TINYINT(1) NOT NULL DEFAULT 1 COMMENT 'Registro activo',
  `S_INSERTDATE_DOA` DATETIME NOT NULL DEFAULT CURRENT_TIMESTAMP COMMENT 'Fecha de inserción',
  `S_UPDATEDATE_DOA` DATETIME NOT NULL DEFAULT CURRENT_TIMESTAMP ON UPDATE CURRENT_TIMESTAMP COMMENT 'Fecha de última actualización',
  PRIMARY KEY (`IDDOCUMENT_DOA`),
  CONSTRAINT `FK_DOCUMENT_OPERATION`
    FOREIGN KEY (`IDOPERATION_DOA`)
    REFERENCES `OPERATION_AUTOLOG` (`IDOPERATION_OPE`)
) ENGINE=InnoDB DEFAULT CHARSET=utf8mb4;

CREATE TABLE `USER_AUTOLOG_LOG` (
  `LOG_ID` INT NOT NULL AUTO_INCREMENT,
  `ACTION` ENUM('INSERT','UPDATE','DELETE') NOT NULL,
  `IDUSER_USA` INT,
  `USERNAME_USA` VARCHAR(50),
  `EMAIL_USA` VARCHAR(100),
  `PASSWORD_USA` VARCHAR(255),
  `TIMESTAMP_LOG` DATETIME NOT NULL DEFAULT CURRENT_TIMESTAMP,
  PRIMARY KEY (`LOG_ID`)
) ENGINE=InnoDB DEFAULT CHARSET=utf8mb4;

CREATE TABLE `ROL_AUTOLOG_LOG` (
  `LOG_ID` INT NOT NULL AUTO_INCREMENT,
  `ACTION` ENUM('INSERT','UPDATE','DELETE') NOT NULL,
  `IDROL_ROA` INT,
  `ROLCODE_ROA` VARCHAR(50),
  `ROLNAME_ROA` VARCHAR(100),
  `TIMESTAMP_LOG` DATETIME NOT NULL DEFAULT CURRENT_TIMESTAMP,
  PRIMARY KEY (`LOG_ID`)
) ENGINE=InnoDB DEFAULT CHARSET=utf8mb4;

CREATE TABLE `USERROL_AUTOLOG_LOG` (
  `LOG_ID` INT NOT NULL AUTO_INCREMENT,
  `ACTION` ENUM('INSERT','UPDATE','DELETE') NOT NULL,
  `IDUSER_URA` INT,
  `IDROL_URA` INT,
  `TIMESTAMP_LOG` DATETIME NOT NULL DEFAULT CURRENT_TIMESTAMP,
  PRIMARY KEY (`LOG_ID`)
) ENGINE=InnoDB DEFAULT CHARSET=utf8mb4;

CREATE TABLE `VEHICLE_AUTOLOG_LOG` (
  `LOG_ID` INT NOT NULL AUTO_INCREMENT,
  `ACTION` ENUM('INSERT','UPDATE','DELETE') NOT NULL,
  `IDVEHICLE_VEA` INT,
  `TYPE_VEA` ENUM('COCHE','FURGON','MOTO','CAMION'),
  `BRAND_VEA` VARCHAR(50),
  `MODEL_VEA` VARCHAR(50),
  `PLATE_VEA` VARCHAR(9),
  `REGISTRATIONDATE_VEA` DATE,
  `IDUSER_VEA` INT,
  `TIMESTAMP_LOG` DATETIME NOT NULL DEFAULT CURRENT_TIMESTAMP,
  PRIMARY KEY (`LOG_ID`)
) ENGINE=InnoDB DEFAULT CHARSET=utf8mb4;

CREATE TABLE `OPERATION_AUTOLOG_LOG` (
  `LOG_ID` INT NOT NULL AUTO_INCREMENT,
  `ACTION` ENUM('INSERT','UPDATE','DELETE') NOT NULL,
  `IDOPERATION_OPE` INT,
  `TYPE_OPE` ENUM('MANTENIMIENTO','REPARACION','INSPECCION'),
  `DATE_OPE` DATE,
  `COST_OPE` DECIMAL(10,2),
  `PLACE_OPE` VARCHAR(50),
  `DESCRIPTION_OPE` TEXT,
  `IDVEHICLE_OPE` INT,
  `TIMESTAMP_LOG` DATETIME NOT NULL DEFAULT CURRENT_TIMESTAMP,
  PRIMARY KEY (`LOG_ID`)
) ENGINE=InnoDB DEFAULT CHARSET=utf8mb4;

CREATE TABLE `DOCUMENT_AUTOLOG_LOG` (
  `LOG_ID` INT NOT NULL AUTO_INCREMENT,
  `ACTION` ENUM('INSERT','UPDATE','DELETE') NOT NULL,
  `IDDOCUMENT_DOA` INT,
  `FILENAME_DOA` VARCHAR(150),
  `FILEPATH_DOA` VARCHAR(255),
  `TYPE_DOA` VARCHAR(50),
  `IDOPERATION_DOA` INT,
  `TIMESTAMP_LOG` DATETIME NOT NULL DEFAULT CURRENT_TIMESTAMP,
  PRIMARY KEY (`LOG_ID`)
) ENGINE=InnoDB DEFAULT CHARSET=utf8mb4;

CREATE TRIGGER trg_user_insert
BEFORE INSERT ON USER_AUTOLOG
FOR EACH ROW
INSERT INTO USER_AUTOLOG_LOG(ACTION, IDUSER_USA, USERNAME_USA, EMAIL_USA, PASSWORD_USA)
VALUES('INSERT', NEW.IDUSER_USA, NEW.USERNAME_USA, NEW.EMAIL_USA, NEW.PASSWORD_USA);

CREATE TRIGGER trg_user_update
BEFORE UPDATE ON USER_AUTOLOG
FOR EACH ROW
INSERT INTO USER_AUTOLOG_LOG(ACTION, IDUSER_USA, USERNAME_USA, EMAIL_USA, PASSWORD_USA)
VALUES('UPDATE', OLD.IDUSER_USA, OLD.USERNAME_USA, OLD.EMAIL_USA, OLD.PASSWORD_USA);

CREATE TRIGGER trg_user_delete
BEFORE DELETE ON USER_AUTOLOG
FOR EACH ROW
INSERT INTO USER_AUTOLOG_LOG(ACTION, IDUSER_USA, USERNAME_USA, EMAIL_USA, PASSWORD_USA)
VALUES('DELETE', OLD.IDUSER_USA, OLD.USERNAME_USA, OLD.EMAIL_USA, OLD.PASSWORD_USA);

CREATE TRIGGER trg_rol_insert BEFORE INSERT ON ROL_AUTOLOG
FOR EACH ROW INSERT INTO ROL_AUTOLOG_LOG(ACTION, IDROL_ROA, ROLCODE_ROA, ROLNAME_ROA)
VALUES('INSERT', NEW.IDROL_ROA, NEW.ROLCODE_ROA, NEW.ROLNAME_ROA);

CREATE TRIGGER trg_rol_update BEFORE UPDATE ON ROL_AUTOLOG
FOR EACH ROW INSERT INTO ROL_AUTOLOG_LOG(ACTION, IDROL_ROA, ROLCODE_ROA, ROLNAME_ROA)
VALUES('UPDATE', OLD.IDROL_ROA, OLD.ROLCODE_ROA, OLD.ROLNAME_ROA);

CREATE TRIGGER trg_rol_delete BEFORE DELETE ON ROL_AUTOLOG
FOR EACH ROW INSERT INTO ROL_AUTOLOG_LOG(ACTION, IDROL_ROA, ROLCODE_ROA, ROLNAME_ROA)
VALUES('DELETE', OLD.IDROL_ROA, OLD.ROLCODE_ROA, OLD.ROLNAME_ROA);

CREATE TRIGGER trg_userrol_insert BEFORE INSERT ON USERROL_AUTOLOG
FOR EACH ROW INSERT INTO USERROL_AUTOLOG_LOG(ACTION, IDUSER_URA, IDROL_URA)
VALUES('INSERT', NEW.IDUSER_URA, NEW.IDROL_URA);

CREATE TRIGGER trg_userrol_update BEFORE UPDATE ON USERROL_AUTOLOG
FOR EACH ROW INSERT INTO USERROL_AUTOLOG_LOG(ACTION, IDUSER_URA, IDROL_URA)
VALUES('UPDATE', OLD.IDUSER_URA, OLD.IDROL_URA);

CREATE TRIGGER trg_userrol_delete BEFORE DELETE ON USERROL_AUTOLOG
FOR EACH ROW INSERT INTO USERROL_AUTOLOG_LOG(ACTION, IDUSER_URA, IDROL_URA)
VALUES('DELETE', OLD.IDUSER_URA, OLD.IDROL_URA);

CREATE TRIGGER trg_vehicle_insert BEFORE INSERT ON VEHICLE_AUTOLOG
FOR EACH ROW INSERT INTO VEHICLE_AUTOLOG_LOG(ACTION, IDVEHICLE_VEA, TYPE_VEA, BRAND_VEA, MODEL_VEA, PLATE_VEA, REGISTRATIONDATE_VEA, IDUSER_VEA)
VALUES('INSERT', NEW.IDVEHICLE_VEA, NEW.TYPE_VEA, NEW.BRAND_VEA, NEW.MODEL_VEA, NEW.PLATE_VEA, NEW.REGISTRATIONDATE_VEA, NEW.IDUSER_VEA);

CREATE TRIGGER trg_vehicle_update BEFORE UPDATE ON VEHICLE_AUTOLOG
FOR EACH ROW INSERT INTO VEHICLE_AUTOLOG_LOG(ACTION, IDVEHICLE_VEA, TYPE_VEA, BRAND_VEA, MODEL_VEA, PLATE_VEA, REGISTRATIONDATE_VEA, IDUSER_VEA)
VALUES('UPDATE', OLD.IDVEHICLE_VEA, OLD.TYPE_VEA, OLD.BRAND_VEA, OLD.MODEL_VEA, OLD.PLATE_VEA, OLD.REGISTRATIONDATE_VEA, OLD.IDUSER_VEA);

CREATE TRIGGER trg_vehicle_delete BEFORE DELETE ON VEHICLE_AUTOLOG
FOR EACH ROW INSERT INTO VEHICLE_AUTOLOG_LOG(ACTION, IDVEHICLE_VEA, TYPE_VEA, BRAND_VEA, MODEL_VEA, PLATE_VEA, REGISTRATIONDATE_VEA, IDUSER_VEA)
VALUES('DELETE', OLD.IDVEHICLE_VEA, OLD.TYPE_VEA, OLD.BRAND_VEA, OLD.MODEL_VEA, OLD.PLATE_VEA, OLD.REGISTRATIONDATE_VEA, OLD.IDUSER_VEA);

CREATE TRIGGER trg_operation_insert BEFORE INSERT ON OPERATION_AUTOLOG
FOR EACH ROW INSERT INTO OPERATION_AUTOLOG_LOG(ACTION, IDOPERATION_OPE, TYPE_OPE, DATE_OPE, COST_OPE, PLACE_OPE, DESCRIPTION_OPE, IDVEHICLE_OPE)
VALUES('INSERT', NEW.IDOPERATION_OPE, NEW.TYPE_OPE, NEW.DATE_OPE, NEW.COST_OPE, NEW.PLACE_OPE, NEW.DESCRIPTION_OPE, NEW.IDVEHICLE_OPE);

CREATE TRIGGER trg_operation_update BEFORE UPDATE ON OPERATION_AUTOLOG
FOR EACH ROW INSERT INTO OPERATION_AUTOLOG_LOG(ACTION, IDOPERATION_OPE, TYPE_OPE, DATE_OPE, COST_OPE, PLACE_OPE, DESCRIPTION_OPE, IDVEHICLE_OPE)
VALUES('UPDATE', OLD.IDOPERATION_OPE, OLD.TYPE_OPE, OLD.DATE_OPE, OLD.COST_OPE, OLD.PLACE_OPE, OLD.DESCRIPTION_OPE, OLD.IDVEHICLE_OPE);

CREATE TRIGGER trg_operation_delete BEFORE DELETE ON OPERATION_AUTOLOG
FOR EACH ROW INSERT INTO OPERATION_AUTOLOG_LOG(ACTION, IDOPERATION_OPE, TYPE_OPE, DATE_OPE, COST_OPE, PLACE_OPE, DESCRIPTION_OPE, IDVEHICLE_OPE)
VALUES('DELETE', OLD.IDOPERATION_OPE, OLD.TYPE_OPE, OLD.DATE_OPE, OLD.COST_OPE, OLD.PLACE_OPE, OLD.DESCRIPTION_OPE, OLD.IDVEHICLE_OPE);

CREATE TRIGGER trg_document_insert BEFORE INSERT ON DOCUMENT_AUTOLOG
FOR EACH ROW INSERT INTO DOCUMENT_AUTOLOG_LOG(ACTION, IDDOCUMENT_DOA, FILENAME_DOA, FILEPATH_DOA, TYPE_DOA, IDOPERATION_DOA)
VALUES('INSERT', NEW.IDDOCUMENT_DOA, NEW.FILENAME_DOA, NEW.FILEPATH_DOA, NEW.TYPE_DOA, NEW.IDOPERATION_DOA);

CREATE TRIGGER trg_document_update BEFORE UPDATE ON DOCUMENT_AUTOLOG
FOR EACH ROW INSERT INTO DOCUMENT_AUTOLOG_LOG(ACTION, IDDOCUMENT_DOA, FILENAME_DOA, FILEPATH_DOA, TYPE_DOA, IDOPERATION_DOA)
VALUES('UPDATE', OLD.IDDOCUMENT_DOA, OLD.FILENAME_DOA, OLD.FILEPATH_DOA, OLD.TYPE_DOA, OLD.IDOPERATION_DOA);

CREATE TRIGGER trg_document_delete BEFORE DELETE ON DOCUMENT_AUTOLOG
FOR EACH ROW INSERT INTO DOCUMENT_AUTOLOG_LOG(ACTION, IDDOCUMENT_DOA, FILENAME_DOA, FILEPATH_DOA, TYPE_DOA, IDOPERATION_DOA)
VALUES('DELETE', OLD.IDDOCUMENT_DOA, OLD.FILENAME_DOA, OLD.FILEPATH_DOA, OLD.TYPE_DOA, OLD.IDOPERATION_DOA);

INSERT INTO `db_autolog`.`user_autolog` (`USERNAME_USA`, `EMAIL_USA`, `PASSWORD_USA`) 
VALUES 
('usuario1', 'usuario1@test.com', '$2a$10$cvS4CSwDVvKH.YAKWWO0KePkNSf7LIWxGwSGKHxd33SAxHhvDligm'), -- pass: Usuario1
('usuario2', 'usuario2@test.com', '$2a$10$g4.2bq8AYLIi6.4PfIEyD.QNdVGt8VucEgCq6IsoE5LzOyTenohoW'), -- pass: Usuario2
('usuario3', 'usuario3@test.com', '$2a$10$kz582xAIOYWGWd75ht897.irymYKM3MWbR.71Vv/aQUd1/A/hCrbG'), -- pass: Usuario3
('admin', 'admin@test.com', '$2a$10$P29aLYh18gh9Ro5jKoY9r.6DiQ.//bwO8h4MOomSJPim.mpmhqA1e'); -- pass: Admin1234

INSERT INTO `db_autolog`.`rol_autolog` (`ROLCODE_ROA`, `ROLNAME_ROA`) 
VALUES 
('admin', 'administrador'),
('basic', 'basico'), 
('lectura', 'lectura'),
('escritura', 'escritura');

INSERT INTO `db_autolog`.`userrol_autolog` (`IDUSER_URA`, `IDROL_URA`) 
VALUES 
(1, 4),
(2, 3),
(3, 4),
(4, 1);

INSERT INTO `db_autolog`.`vehicle_autolog` (`TYPE_VEA`, `BRAND_VEA`, `MODEL_VEA`, `PLATE_VEA`, `REGISTRATIONDATE_VEA`, `IDUSER_VEA`) 
VALUES 
('COCHE', 'OPEL', 'MOKKA X', '1111SDF', '2016-11-16', 1),
('MOTO', 'BMW', 'R 1300 RT', '2222SDF', '2026-02-10', 1),
('FURGON', 'FORD', 'TRANSIT', '3333SDF', '2019-05-22', 1),
('COCHE', 'TOYOTA', 'COROLLA', '4444SDF', '2020-03-15', 2),
('MOTO', 'YAMAHA', 'MT-07', '5555SDF', '2021-08-30', 2),
('COCHE', 'AUDI', 'A3', '6666SDF', '2018-11-05', 3),
('CAMION', 'MAN', 'TGL', '7777SDF', '2017-07-12', 3);

INSERT INTO `db_autolog`.`operation_autolog` (`TYPE_OPE`, `DATE_OPE`, `COST_OPE`, `PLACE_OPE`, `DESCRIPTION_OPE`, `IDVEHICLE_OPE`) 
VALUES
('MANTENIMIENTO', '2023-01-15', 150.00, 'Taller A', 'Cambio de aceite y filtros', 1),
('MANTENIMIENTO', '2023-06-10', 90.00, 'Taller B', 'Revisión general', 2),
('MANTENIMIENTO', '2023-09-05', 200.00, 'Taller C', 'Revisión de frenos', 3),
('REPARACION', '2023-02-20', 500.00, 'Taller A', 'Reparación de motor', 1),
('REPARACION', '2023-07-12', 250.00, 'Taller B', 'Reparación de embrague', 2),
('REPARACION', '2023-10-01', 400.00, 'Taller C', 'Cambio de suspensión', 3),
('INSPECCION', '2023-03-25', 70.00, 'ITV Centro 1', 'Inspección anual', 1),
('INSPECCION', '2023-08-18', 70.00, 'ITV Centro 2', 'Inspección anual', 2),
('INSPECCION', '2023-11-20', 70.00, 'ITV Centro 3', 'Inspección anual', 3),
('MANTENIMIENTO', '2023-04-10', 120.00, 'Taller D', 'Cambio de aceite', 4),
('REPARACION', '2023-09-15', 300.00, 'Taller E', 'Reparación frenos', 5),
('INSPECCION', '2023-12-05', 70.00, 'ITV Centro 4', 'Inspección anual', 4),
('MANTENIMIENTO', '2023-05-10', 180.00, 'Taller F', 'Cambio aceite y filtros', 6),
('REPARACION', '2023-08-20', 350.00, 'Taller G', 'Reparación motor', 6),
('INSPECCION', '2023-11-15', 70.00, 'ITV Centro 5', 'Inspección anual', 7);